datePublished,videoId,title,description,channelName
2022-10-03T07:45:00Z,TYLi3UbZtJU,Daraz Coupon Code üòÄ Get Daraz Discount Code &amp; Gift Card 2022,"Daraz Coupon Code Get Daraz Discount Code & Gift Card 2022 Here in this Video I have provided the Daraz Coupon Codes, ...",Jacqueline Asensky
2022-12-29T16:53:28Z,RnqpkzUUh0Y,ExpressVPN Coupon Code | ExpressVPN Promo Code | ExpressVPN Discount Code 2023,Have ExpressVPN and get 49% discount or 3 months free: https://bit.ly/ExpressVPN_2023 Hello people! Welcome to the Privacy ...,Privacy Freak
2022-12-10T17:30:24Z,oOtEKrjaM8U,NordVPN Coupon Code | Latest Discount and Promo Code reviewszy,NordVPN Coupon Code | NordVPN Discount Code | NordVPN Promo Code Get Up to 69% Discount Today with NordVPN: ...,Tech Challengers
2021-11-23T17:04:37Z,thBuZNmFrzs,What Is Coupon Code In Hindi | Coupon Code Kya Hota Hai,What Is Coupon Code Coupon Code Kya Hota Hai What Is Coupon What Is Coupon Code Hindi Coupon Code Kya Hota Hai This ...,CouponTalk
2021-04-14T16:39:04Z,IKwerybtc0w,Who Makes Money From Online Coupon Codes?,"Promo code sites have become big business, with digital coupons surpassing paper for the first time in 2020. Major deal sites ...",CNBC
2022-12-21T08:08:20Z,oUyrsPXxi1Y,SurhShark Coupon Code | SurfShark Discount Code | SurfShark Promo Code (Latest),SurfShark Coupon Code | SurfShark Christmas Sale | SurfShark Holiday Sale Get 84% off + 2 months free Surfshark ...,All Tech No Money
2022-11-10T01:44:24Z,vOGu4m-Yk0s,shein coupon code november 2022 ph,comment if it works.,Jill Anne Utube
2023-02-05T12:40:59Z,EnZ7zVz0f1A,winzo coupon code || winzo coupon code 2023 today || winzo coupon code today || winzo ‚Çπ500 ka coupon,DOWNLOAD ‡§ú‡§≤‡•ç‡§¶‡•Ä ‡§ï‡§∞‡•ã new update https://winzo.onelink.me/gu8K/e0dcf0a4 https://winzo.onelink.me/gu8K/e0dcf0a4 ...,All Academy gameplay
2023-02-09T10:38:21Z,9n0tlbB1dOY,‚è∞BE FAST!‚è∞ NEW PROMO CODE FOR RAID! | Raid: Shadow Legends,BE FAST!‚è∞ NEW PROMO CODE FOR RAID! | Raid: Shadow Legends My Website is live: https://www.hellhades.com/ Bluestacks ...,Hell Hades
2022-08-29T18:10:58Z,WicIm3BKqpA,Discount Coupon Code For PW‚Äôs Course #shorts #physicswallah,,Anish Dadhich
2023-01-02T14:53:38Z,OFH6mHorJN8,how to use Amazon coupon code 2023|how to get amazon coupon &amp; promo codeüî•üòç#Amazoncouponcode #yt2022,"https://youtu.be/IcZ3bckonHI full video your queries:- Amazon coupon code,Amazon coupon codes,Amazon promo code ...",Mr Karan Roy
2023-02-09T15:12:15Z,SUjgTV5gIq8,üì¢ THREE PROMO CODES for ALL PLAYERS | FEB 2023 üì¢,RAID Shadow Legends 3 Promo Codes for Old Players February 2023 DOWNLOAD LINK: https://clcr.me/CWA_Raid1_Feb23 ...,ASH: RAID Shadow Legends
2022-06-22T04:53:38Z,H34g0nI1p8M,Amazon Canada Save $50 Hacks - Amazon Coupon Code Finding,I find the discount code and wanna share it with you. Clip the $30 off coupon and enter the code Code: V7OSLIAY Product Link: ...,Tingsley Cai
2023-02-05T07:27:56Z,HoLPxIPHEuc,‚úÖ Surfshark Coupon Code ‚ú™‚ú™ 2023 Updated Surfshark VPN Discount,Surfshark Coupon Code | Surfshark Discount Code | Surfshark Promo Code ‚úì Biggest Deals and Discount for Surfshark VPN ...,cybercheck
2022-06-08T14:14:48Z,tTwSUMomWLM,Kuku fm 60% off discount coupon code #kukufm #hindi #shorts,Kuku fm app download link - https://bit.ly/3Qgd5Um Discount coupon - Use code GOUBN49 and get 60% discount Topics ...,TECH with ANKUSH
2021-09-24T11:40:33Z,O-Mvx7zNN08,Coupon Code kaise banaye - 2021 | How to make coupon code | Shoopy Tutorial - Part 3,Coupon Code kaise banaye - 2021 | How to make coupon code | Shoopy Tutorial - Part 3 Install Shoopy App ...,Helpweb
2022-09-23T04:43:52Z,5QNQ6Z4s6_Y,NordVPN Coupon Code: Use ‚Äúreviewszy‚Äù for üí≤MAXüí≤Discount | NordVPN Holiday Sale Promo,NordVPN Coupon Code | NordVPN Discount Code | NordVPN Promo Code | NordVPN Christmas Sale | NordVPN Holiday Sale ...,All Tech No Money
2022-09-04T09:26:29Z,Gu0WM0ogItU,ü§´Winzo Coupon Code Today 2022 |‡§è‡§ï ‡§¨‡§æ‡§∞ ‡§ï‡•ã‡§∂‡§ø‡§∂ ‡§ú‡§∞‡•Ç‡§∞ ‡§ï‡§∞‡•ã‡•§üò±50000% Working Coupon code||Fully Hack Trick ü§ë,Winzo Coupon Code Today 2022 |‡§è‡§ï ‡§¨‡§æ‡§∞ ‡§ï‡•ã‡§∂‡§ø‡§∂ ‡§ú‡§∞‡•Ç‡§∞ ‡§ï‡§∞‡•ã‡•§  50000% Working Coupon code||Fully Hack Trick ...,Teach by Kundan
2022-08-09T05:29:32Z,LCoFVU8G83U,How Do I Use a Hostinger Coupon Code?,How Do I Use a Hostinger Coupon Code? Here's how you can claim the latest discount code available. Hostinger is a well ...,Site Starters
2022-11-14T09:17:18Z,hHR3UETUKJI,smytten coupon code #smytten #shorts,,kajal katariya
2020-06-10T10:44:15Z,cjDcl2Wqf5E,How to Add Coupon Codes in WordPress (woocommerce),Start here ‚ûú https://wl.tools/convertful üõçÔ∏è Join our Ecommerce Course ...,Website Learners
2022-08-13T08:41:01Z,LK8F-mR4esE,üî• ExpressVPN Coupon Code 2022 ‚úÖ BEST ExpressVPN Discount &amp; Promo Code,ExpressVPN Coupon Code | Express VPN Discount Code & Promo Code 2022 Get 49% ExpressVPN Discount ...,pinky1472
2022-12-21T07:48:05Z,C5Mu5gLwK-c,NordVPN Coupon Code : NordVPN Discount Code : NordVPN Promo Code Latest and Updated,NordVPN Coupon Code | NordVPN Discount Code | NordVPN Promo Code Get Up to 69% Discount Today with NordVPN: ...,All Tech No Money
2022-09-29T09:17:20Z,XdUKKBuogg8,SurfShark Coupon Code ‚úÖ Discount Code ‚úÖ Promo Code ‚úÖ,SurfShark Coupon Code | SurfShark Discount Code | SurfShark Promo Code Get 83% off + 3 months free Surfshark ...,Techtical Warfare
2022-08-02T11:52:47Z,c6Ze5K3R1JY,Hostinger Coupon Code 2023: Up to 90% Off [100% Working],Here's how you can claim the best available Hostinger Coupon Code. Hostinger is a great value webhosting provider that offers ...,Site Starters
2022-08-12T06:36:01Z,JX3z7MYk1E0,üí≤NordVPN Coupon Code: What They WON&#39;T Tell You About The &quot;Guarantee&quot;,NordVPN Coupon Code | NordVPN Discount Code | NordVPN Promo Code Get Up to 69% Discount Today with NordVPN: ...,All Tech No Money
2022-10-03T08:40:54Z,xdES3bimfK8,Swiggy Coupon Code üòÄ Get Swiggy Discount Code &amp; Free Order Trick 2022,Swiggy Coupon Code Get Swiggy Discount Code & Gift Card 2022 Here in this Video I have provided the Swiggy Coupon ...,AZ MUSIC PRODUCE
2022-08-05T15:52:57Z,5KSK66OfAWo,$576 Per Day Finding Coupon Codes Online - Easy Copy and Paste Method!,Per Day Finding Coupon Codes Online ok we all see mr beast and other famous youtubers promoting honey app and capital one ...,affiliatemarketingmc
2022-07-07T06:31:06Z,mWqfcGz1cXo,Rapido 60% discount coupon code #shorts,Rapido 60% discount - Huge savings. Use this rapido coupon code. #rapido #rapidobike #shorts #save.,Solution Club
2022-11-19T10:07:21Z,i07hv6fSBsA,Winzo Coupon code 2023//Live proof #shorts,Winzo Coupon code 2023//Live proof #shorts@EarnerFacts download Winzo get (50‚Çπ)   ...,Earner Facts
2022-06-28T11:32:12Z,x3hL0B6rQXY,winzo gold today new coupon code Freeüî•//100% working#shorts,winzo gold today new coupon code Free  //100% working#shorts download Winzo get (50‚Çπ)   ...,Earner Facts
2022-07-15T14:18:40Z,nQuw7MdIB7g,üî¥Winzo Coupon code 2022//Winzo Gold trick #shorts,Winzo Coupon code 2022//Winzo Gold trick #shorts download Winzo get (50‚Çπ)   https://winzo.onelink.me/gu8K/3mm0qx0s your ...,Earner Facts
2022-10-17T03:21:06Z,5bXH8UJU2ts,See how to get discounts coupon/ code on Amazon products (Mobile version),,TikTech
2020-04-20T13:15:02Z,jtawKH6VlQY,Woocommerce coupons &amp; promo codes: create coupon codes in WordPress,"I'll show you how to create coupon codes and promo codes by using Woocommerce for Wordpress in 2020. The best thing is, ...",tipswithpunch
2022-09-17T13:03:03Z,a2EJJFz4p18,üí≤NordVPN Coupon Code ‚úÖ Use Code reviewszy for Max Discount Promo ‚úÖ NordVPN Holiday Sale,NordVPN Coupon Code | NordVPN Discount Code | NordVPN Promo Code | NordVPN Holiday Sale | NordVPN Christmas Sale ...,Reviewszy
2022-11-17T06:21:40Z,1TqT9MQyebI,Hostinger Coupon Code 2023,"Hostinger Coupon Code - Hostinger is a premium top level value web hosting provider that's ideal for security, performance, ...",Site Starters
2022-05-02T01:30:08Z,rQ26fRlGD3A,Boat Coupon Code 2022üî•üî•üî• #boat #couponCode #boat250,Boat coupon code 2022 telegram channel:) https://t.me/LatestOffer4You #freemoney #couponcode #boat #boat2022code ...,LATEST OFFER 4 U
2022-09-18T04:54:01Z,K33k843E9EY,Best SurfShark Coupon Code ‚úÖ Promo Code ‚úÖ Discount Code ‚úÖ,Get 84% off + 3 months free Surfshark : https://bit.ly/SurfShark_rvsysscc91822 SurfShark Coupon Code | SurfShark Discount Code ...,Reviewszy
2022-09-27T05:55:54Z,IjMsloOz8d8,üí≤NordVPN Coupon Code ‚úÖ Most Updated Discount and Promo Code reviewszy,NordVPN Coupon Code | NordVPN Discount Code | NordVPN Promo Code Get Up to 69% Discount Today with NordVPN: ...,Tech Challengers
2022-08-01T09:43:04Z,4ybNGsmBtYE,Hostinger Coupon Code,Here's how you can claim the best available Hostinger Coupon Code. Hostinger is a great value webhosting provider that offers ...,Site Starters
2022-08-11T06:56:21Z,Vz88buczJtg,üí≤NordVPN Coupon Code ‚úä Use Code Reviewszy For MAX Discount ‚úÖ,NordVPN Coupon Code | NordVPN Discount Code | NordVPN Promo Code Get Up to 69% Discount Today with NordVPN: ...,Reviewszy
2023-01-27T06:53:48Z,LJ8tkEsQEpQ,winzo coupon code 2023 new code #shorts #ytshorts,Winzo link   cashback on first deposit Made in India app. Click the link to download: https://winzo.onelink.me/gu8K/dd5a64ae ...,Amit k Tech
2022-08-29T10:19:03Z,QRCzrbJjpUI,Domino&#39;s today&#39;s offer‚ö° Domino&#39;s coupon code January 2023‚ö° Domino&#39;s 50% off coupon #dominospizza üçï,dominospizza #dominoscoupons #domino's #shorts #shortsvideo #viral order now https://bit.ly/3E92ANl Join telegram ...,Paisa bachao deals
2022-11-30T14:22:09Z,elj7Y6P43H0,"new coupon code for extra discount,üòçüòç medibuddy coupon code #medibuddy#shorts #freeproducts",app link https://link.medibuddy.app/9V4BfimF1ub.,Gulab Quraishi
2022-07-22T08:51:07Z,epWLarLME4E,‚úÖ Surfshark Coupon Code 83% OFF üí≤ BIGGEST Surfshark VPN DISCOUNT CODE!! ‚úÖ,SURFSHARK COUPON CODE | NEW SURFSHARK VPN DISCOUNT CODE & PROMO FOR 2022! (WORKING) NEW 83% Off ...,VPN Extreme Detective
2021-07-13T09:13:33Z,t4NOz8A49Ak,ExpressVPN Coupon Code üåü Verified Promo Discount,ExpressVPN Coupon Code (2023) - New ExpressVPN Discount Code & Promo Codes. I'm going to be showing you how to get a ...,Consumer Research Studios
2022-10-10T09:56:47Z,EiRBpQFIsZk,‚úÖ SurfShark VPN Coupon Code + Review ‚úÖ $2.30/month ‚úÖ,SurfShark Coupon Code | SurfShark Discount Code | SurfShark Promo Code Get 83% off + 3 months free Surfshark ...,All Tech No Money
2022-09-29T07:07:12Z,Nlvci_rxkKQ,üí≤NordVPN Coupon Code ‚úÖ Use Code reviewszy for Best Discount ‚úÖ,NordVPN Coupon Code | NordVPN Discount Code | NordVPN Promo Code Get Up to 69% Discount Today with NordVPN: ...,Techtical Warfare
2020-11-17T21:28:48Z,zvnwkpQ4ql8,‚úÖ  SHEIN Coupon Code üî¥,SHEIN Coupon Code. https://shein.top/9g9u4fu. Subscribe for More Reviews Here: ...,The Stuff I Use Channel
2022-08-27T18:27:01Z,VA_z82kKn4Y,Check description for the steps &amp; coupon code! Domino‚Äôs free pizza #foodoffer #dominos #freepizza,Get 7 PIZZA + 3 ZINGY/VEG PARCEL AT ‚Çπ460 only! Please follow all the instructions below: Step 1-: Open the dominos app ...,Aromatic Flavourss
